Workbook

Sheet new
A2: year | B2: goldmansachs | C2: morganstanley | D2: jpmorgan | E2: citigroup | F2: bankofamerica | H2: wellsfargo | I2: bny | J2: statestreet
A3: Level | B3: 0.95 | C3: 0.95 | D3: 0.95 | E3: 0.99 | F3: 0.99 | G3: 0.95 | H3: 0.99 | I3: 0.99 | J3: 0.99
A4: 45930 | B4: 91 | C4: 59 | D4: 33 | E4: 128 | F4: 71 | G4: 31 | H4: 33 | I4: 1.6 | J4: =mellomberegning!$A$1/1000 -> 9.392
A5: 45838 | B5: 98 | C5: 50 | D5: 42 | E5: 130 | F5: 89 | G5: 38 | H5: 30 | I5: 2.6 | J5: =mellomberegning!A2/1000 -> 6.697
A6: 45747 | B6: 91 | C6: 50 | D6: 50 | E6: 129 | F6: 99 | G6: 44 | H6: 25 | I6: 1.7 | J6: =mellomberegning!A3/1000 -> 9.709
A7: 45657 | B7: 96 | C7: 46 | D7: 40 | E7: 125 | F7: 74 | G7: 38 | H7: 24 | I7: 1.7 | J7: =mellomberegning!A4/1000 -> 11.483
A8: 45565 | B8: 92 | C8: 46 | D8: 45 | E8: 119 | F8: 81 | G8: 42 | H8: 24 | I8: 2 | J8: =mellomberegning!A5/1000 -> 14.117
A9: 45473 | B9: 91 | C9: 48 | D9: 56 | E9: 124 | F9: 96 | G9: 48 | H9: 29 | I9: 1.8 | J9: =mellomberegning!A6/1000 -> 18.667
A10: 45382 | B10: 87 | C10: 54 | D10: 48 | E10: 165 | F10: 85 | G10: 46 | H10: 40 | I10: 1.8 | J10: =mellomberegning!A7/1000 -> 12.186
A11: 45291 | B11: 91 | C11: 46 | D11: 35 | E11: 153 | F11: 86 | G11: 46 | H11: 32 | I11: 2.2 | J11: =mellomberegning!A8/1000 -> 15.157
A12: 45199 | B12: 87 | C12: 48 | D12: 41 | E12: 132 | F12: 77 | G12: 41 | H12: 34 | I12: 2.1 | J12: =mellomberegning!A9/1000 -> 11.964
A13: 45107 | B13: 117 | C13: 52 | D13: 47 | E13: 148 | F13: 81 | G13: 45 | H13: 35 | I13: 3 | J13: =mellomberegning!A10/1000 -> 9.775
A14: 45016 | B14: 101 | C14: 55 | D14: 47 | E14: 161 | F14: 124 | G14: 45 | H14: 39 | I14: 4 | J14: =mellomberegning!A11/1000 -> 9.517
A15: 44926 | B15: 102 | C15: 64 | D15: 61 | E15: 184 | F15: 68 | G15: 35 | H15: 43 | I15: 4.5 | J15: =mellomberegning!A12/1000 -> 7.816
A16: 44834 | B16: 128 | C16: 61 | D16: 54 | E16: 159 | F16: 51 | G16: 23 | H16: 37 | I16: 4.5 | J16: =mellomberegning!A13/1000 -> 7.359
... A49: 41820 | B49: 77 | C49: 48 | D49: 55 | E49: 59 | F49: 59 | G49: 30 | H49: 24 | I49: 7.9 | J49: =mellomberegning!A46/1000 -> 6.912
A50: 41729 | B50: 82 | C50: 50 | D50: 42 | E50: 156 | F50: 59 | H50: 24 | I50: 9 | J50: 5.13
A51: 41639 | B51: 85 | C51: 53 | D51: 44 | E51: 144 | F51: 99 | H51: 23 | I51: 8.2 | J51: 5.13
A52: 41547 | B52: 81 | C52: 56 | D52: 45 | E52: 117 | F52: 54 | H52: 18 | I52: 11.3 | J52: 5.13
A53: 41455 | B53: 86 | C53: 61 | D53: 40 | E53: 120 | F53: 69 | H53: 15 | I53: 11.3 | J53: 5.13
A54: 41364 | B54: 83 | C54: 62 | D54: 62 | E54: 110 | F54: 80 | H54: 24 | I54: 13 | J54: 5.13
A55: 41274 | B55: 71 | C55: 75 | D55: 98 | E55: 137 | F55: 100 | H55: 18 | I55: 10.5 | J55: 5.13
A56: 41182 | B56: 81 | C56: 72 | D56: 122 | E56: 129 | F56: 54.8 | H56: 19 | I56: 12.6 | J56: 5.13
A57: 41090 | B57: 85 | C57: 76 | D57: 75 | E57: 149 | F57: 62.5 | H57: 31 | I57: 10 | J57: 5.13
A58: 40999 | B58: 95 | C58: 78 | D58: 81 | E58: 178 | F58: 84.1 | H58: 32 | I58: 9 | J58: 5.13
A59: 40908 | B59: 99 | C59: 87 | D59: 76 | E59: 183 | F59: 88.4 | H59: 32 | I59: 11.3 | J59: 5.13
A60: 40816 | B60: 144 | C60: 143 | D60: 70 | E60: 196 | F60: 163.7 | H60: 30 | I60: 13.3 | J60: 5.13
A61: 40724 | B61: 85 | C61: 129 | D61: 77 | E61: 168 | F61: 229.2 | H61: 28 | I61: 8.1 | J61: 5.13
... A78: 39172 | B78: 154 | C78: 78 | D78: 83 | E78: 102 | F78: 41.3 | H78: 12 | I78: 9.1 | J78: 5.13

Sheet gammel
A1: year | B1: goldmansachs | C1: morganstanley | D1: jpmorgan | E1: citigroup | F1: bank of america | H1: wellsfargo | I1: keycorp | J1: bny | K1: statestree
A2: Kolonne1 | B2: Kolonne2 | C2: Kolonne3 | D2: Kolonne4 | E2: Kolonne5 | F2: Kolonne6 | G2: Kolonne7 | H2: Kolonne8 | I2: Kolonne9 | J2: Kolonne10 | K2: Kolonne11
A3: Level | B3: 0.95 | C3: 0.95 | D3: 0.95 | E3: 0.99 | F3: 0.99 | G3: 0.95 | H3: 0.99 | I3: 0.99 | J3: 0.99 | K3: 0.99
A4: 45930 | B4: 91 | C4: 59 | D4: 33 | E4: 128 | F4: 71 | G4: 31 | H4: 33 | I4: 0.1 | J4: 1.6 | K4: =mellomberegning!$A$1/1000 -> 9.392
A5: 45838 | B5: 98 | C5: 50 | D5: 42 | E5: 130 | F5: 89 | G5: 38 | H5: 30 | I5: 2.1 | J5: 2.6 | K5: =mellomberegning!A2/1000 -> 6.697
A6: 45747 | B6: 91 | C6: 50 | D6: 50 | E6: 129 | F6: 99 | G6: 44 | H6: 25 | I6: 1.3 | J6: 1.7 | K6: =mellomberegning!A3/1000 -> 9.709
A7: 45657 | B7: 96 | C7: 46 | D7: 40 | E7: 125 | F7: 74 | G7: 38 | H7: 24 | I7: 0.8 | J7: 1.7 | K7: =mellomberegning!A4/1000 -> 11.483
A8: 45565 | B8: 92 | C8: 46 | D8: 45 | E8: 119 | F8: 81 | G8: 42 | H8: 24 | I8: 0.9 | J8: 2 | K8: =mellomberegning!A5/1000 -> 14.117
A9: 45473 | B9: 91 | C9: 48 | D9: 56 | E9: 124 | F9: 96 | G9: 48 | H9: 29 | I9: 0.9 | J9: 1.8 | K9: =mellomberegning!A6/1000 -> 18.667
A10: 45382 | B10: 87 | C10: 54 | D10: 48 | E10: 165 | F10: 85 | G10: 46 | H10: 40 | I10: 0.8 | J10: 1.8 | K10: =mellomberegning!A7/1000 -> 12.186
A11: 45291 | B11: 91 | C11: 46 | D11: 35 | E11: 153 | F11: 86 | G11: 46 | H11: 32 | I11: 1.1 | J11: 2.2 | K11: =mellomberegning!A8/1000 -> 15.157
A12: 45199 | B12: 87 | C12: 48 | D12: 41 | E12: 132 | F12: 77 | G12: 41 | H12: 34 | I12: 1.1 | J12: 2.1 | K12: =mellomberegning!A9/1000 -> 11.964
A13: 45107 | B13: 117 | C13: 52 | D13: 47 | E13: 148 | F13: 81 | G13: 45 | H13: 35 | I13: 1 | J13: 3 | K13: =mellomberegning!A10/1000 -> 9.775
A14: 45016 | B14: 101 | C14: 55 | D14: 47 | E14: 161 | F14: 124 | G14: 45 | H14: 39 | I14: 1.1 | J14: 4 | K14: =mellomberegning!A11/1000 -> 9.517
A15: 44926 | B15: 102 | C15: 64 | D15: 61 | E15: 184 | F15: 68 | G15: 35 | H15: 43 | I15: 0.4 | J15: 4.5 | K15: =mellomberegning!A12/1000 -> 7.816
A16: 44834 | B16: 128 | C16: 61 | D16: 54 | E16: 159 | F16: 51 | G16: 23 | H16: 37 | I16: 0.7 | J16: 4.5 | K16: =mellomberegning!A13/1000 -> 7.359
... A50: 41729 | B50: 82 | C50: 50 | D50: 42 | E50: 156 | F50: 84 | G50: 41 | H50: 23 | I50: 0.6 | J50: 9 | K50: =mellomberegning!A47/1000 -> 6.298

Sheet mellomberegning
A1: 9392
A2: 6697
A3: 9709
A4: 11483
A5: 14117
A6: 18667
A7: 12186
A8: 15157
A9: 11964
A10: 9775
A11: 9517
A12: 7816
... A47: 6298
